{
  "uuid": "34304985-fc58-4318-ba0c-45073a17c6ca",
  "launcher": {
    "name": "Minecraft 1.20.4",
    "pack": "Minecraft",
    "description": "Minecraft 1.20.4",
    "packId": 0,
    "externalPackId": 0,
    "version": "1.20.4",
    "enableCurseForgeIntegration": true,
    "enableEditingMods": true,
    "loaderVersion": {
      "version": "0.15.9",
      "rawVersion": "0.15.9",
      "recommended": false,
      "type": "Fabric",
      "downloadables": {}
    },
    "requiredMemory": 0,
    "requiredPermGen": 0,
    "javaRuntimeOverride": "java-runtime-delta",
    "useJavaProvidedByMinecraft": true,
    "isDev": false,
    "isPlayable": true,
    "assetsMapToResources": false,
    "checkForUpdates": true,
    "mods": [
      {
        "name": "Sodium",
        "version": "Sodium 0.5.8+mc1.20.4",
        "optional": true,
        "file": "sodium-fabric-0.5.8+mc1.20.4.jar",
        "type": "mods",
        "description": "A modern rendering engine for Minecraft which greatly improves performance",
        "disabled": false,
        "userAdded": true,
        "wasSelected": true,
        "skipped": false,
        "curseForgeProjectId": 394468,
        "curseForgeFileId": 5092261,
        "curseForgeProject": {
          "id": 394468,
          "name": "Sodium",
          "authors": [
            {
              "id": 28746583,
              "name": "jellysquid3_",
              "url": "https://www.curseforge.com/members/jellysquid3_"
            }
          ],
          "gameId": 432,
          "summary": "A modern rendering engine for Minecraft which greatly improves performance",
          "categories": [
            {
              "name": "Performance",
              "slug": "performance",
              "url": "https://www.curseforge.com/minecraft/mc-mods/performance",
              "dateModified": "2024-01-16T06:56:01.057Z",
              "gameId": 432,
              "isClass": false,
              "id": 6814,
              "iconUrl": "https://media.forgecdn.net/avatars/933/987/638409849610531091.png",
              "parentCategoryId": 6,
              "classId": 6
            }
          ],
          "status": 4,
          "primaryCategoryId": 6814,
          "classId": 6,
          "slug": "sodium",
          "isFeatured": false,
          "dateModified": "2024-02-10T16:47:42.47Z",
          "dateCreated": "2020-07-08T23:18:29.833Z",
          "dateReleased": "2024-02-09T07:03:35.683Z",
          "links": {
            "websiteUrl": "https://www.curseforge.com/minecraft/mc-mods/sodium",
            "wikiUrl": "https://github.com/CaffeineMC/sodium-fabric/wiki",
            "issuesUrl": "https://github.com/CaffeineMC/sodium-fabric/issues",
            "sourceUrl": "https://github.com/CaffeineMC/sodium-fabric"
          },
          "logo": {
            "id": 284773,
            "description": "",
            "thumbnailUrl": "https://media.forgecdn.net/avatars/thumbnails/284/773/256/256/637298471098686391.png",
            "title": "637298471098686391.png",
            "url": "https://media.forgecdn.net/avatars/284/773/637298471098686391.png",
            "modId": 394468
          },
          "allowModDistribution": false,
          "screenshots": [],
          "mainFileId": 5092261
        },
        "curseForgeFile": {
          "id": 5092261,
          "gameId": 432,
          "isAvailable": true,
          "displayName": "Sodium 0.5.8+mc1.20.4",
          "fileName": "sodium-fabric-0.5.8+mc1.20.4.jar",
          "releaseType": 1,
          "fileStatus": 4,
          "fileDate": "2024-02-09T07:03:35.683Z",
          "fileLength": 949085,
          "dependencies": [],
          "alternateFileId": 0,
          "modules": [
            {
              "fingerprint": 4129057946,
              "name": "META-INF"
            },
            {
              "fingerprint": 2226923820,
              "name": "COPYING"
            },
            {
              "fingerprint": 1136524626,
              "name": "COPYING.LESSER"
            },
            {
              "fingerprint": 492796272,
              "name": "assets"
            },
            {
              "fingerprint": 1829891545,
              "name": "fabric.mod.json"
            },
            {
              "fingerprint": 3442526054,
              "name": "me"
            },
            {
              "fingerprint": 161059882,
              "name": "net"
            },
            {
              "fingerprint": 1620673151,
              "name": "programmer_art"
            },
            {
              "fingerprint": 1812633610,
              "name": "sodium.accesswidener"
            },
            {
              "fingerprint": 333324325,
              "name": "sodium.mixins.json"
            },
            {
              "fingerprint": 2709161446,
              "name": "sodium.refmap.json"
            }
          ],
          "isServerPack": false,
          "hashes": [
            {
              "value": "4c38d7b01660a27a98406767c613b3f28b6c9dfe",
              "algo": 1
            },
            {
              "value": "d7753a50ca37f50abb10465a9a425dac",
              "algo": 2
            }
          ],
          "sortableGameVersions": [
            {
              "gameVersionPadded": "0000000001.0000000020.0000000002",
              "gameVersion": "1.20.2",
              "gameVersionReleaseDate": "2023-09-21T15:25:15.053Z",
              "gameVersionName": "1.20.2"
            },
            {
              "gameVersionPadded": "0",
              "gameVersion": "",
              "gameVersionReleaseDate": "2022-09-01T00:00:00Z",
              "gameVersionName": "Fabric"
            },
            {
              "gameVersionPadded": "0",
              "gameVersion": "",
              "gameVersionReleaseDate": "2022-12-08T00:00:00Z",
              "gameVersionName": "Client"
            },
            {
              "gameVersionPadded": "0000000001.0000000020.0000000003",
              "gameVersion": "1.20.3",
              "gameVersionReleaseDate": "2023-12-05T17:24:10.113Z",
              "gameVersionName": "1.20.3"
            },
            {
              "gameVersionPadded": "0000000001.0000000020.0000000004",
              "gameVersion": "1.20.4",
              "gameVersionReleaseDate": "2023-12-07T15:17:47.907Z",
              "gameVersionName": "1.20.4"
            },
            {
              "gameVersionPadded": "0",
              "gameVersion": "",
              "gameVersionReleaseDate": "2022-05-26T00:00:00Z",
              "gameVersionName": "Quilt"
            }
          ],
          "gameVersions": [
            "1.20.2",
            "Fabric",
            "Client",
            "1.20.3",
            "1.20.4",
            "Quilt"
          ],
          "fileFingerprint": 772733899,
          "modId": 394468
        },
        "modrinthProject": {
          "id": "AANobbMI",
          "slug": "sodium",
          "project_type": "mod",
          "team": "4reLOAKe",
          "title": "Sodium",
          "description": "A modern rendering engine for Minecraft which greatly improves performance",
          "body": "<center>\n <img src=\"https://cdn.modrinth.com/data/AANobbMI/images/5ca2e8f6c72f3d543dd3dc95b706964c5678d80e.png\" alt=\"Sodium 0.4 Comparison\"></img>\n <p>\n   <!-- This paragraph is load bearing, and ensures a margin is added before the following Markdown -->\n </p>\n</center>\n\n---\n\n### ☕ A brief message...\n\n**This mod is the result of thousands of hours of development, and is made possible thanks to players like you.** If you would like to show a token of your appreciation for our work, and help support the development of Sodium in the process, then consider [buying us a coffee](https://jellysquid.me/donate).\n\n---\n\nSodium is a **free and open-source** mod for Minecraft 1.16+ clients which greatly improves rendering performance while fixing some graphical issues. It boasts wide compatibility with the Fabric mod ecosystem when compared to other rendering-focused mods, and it does so without compromising on how the game looks, giving you that authentic block game feel.\n\n<h1 id=\"installation\">📥 Installation Guide</h1>\n\n**Please make sure you read the <a href=\"https://github.com/CaffeineMC/sodium-fabric/wiki/Driver-Compatibility\">Driver Compatibility</a> section on our wiki before you install Sodium. It contains important instructions on how to prevent crashes and other performance problems.**\n\nSodium is a Fabric mod, which means it requires the [Fabric Loader](https://fabricmc.net/use). If you are using a third-party launcher, it probably has built-in functionality to automatically install mod loaders. Once you have installed Fabric Loader, you can simply place Sodium into your _mods folder_ like anything else.\n\n**Not sure if you installed the mod correctly?** Check your _Video Settings_ screen in Minecraft, which should show our new and improved user interface for changing settings.\n\n**Not sure how to configure the mod?** Don't worry, you probably don't need to. By default, Sodium will enable all optimizations which are supported on your system, giving you the best experience possible. You should generally only change video settings related to performance and other advanced features if you are experiencing issues.\n\n**Need even more performance?** By design, Sodium only optimizes the rendering code of Minecraft. You should also install our other mods, such as [Lithium](https://modrinth.com/mod/lithium) (for MC 1.15+) and [Phosphor](https://modrinth.com/mod/phosphor) (for MC <1.19), to optimize the other parts of your game. This is done so that players can pick and choose which mods they want to use, but we generally recommend using [our entire collection](https://modrinth.com/user/jellysquid3).\n\n<h1 id=\"hardware-compatibility\">✅ Hardware Compatibility</h1>\n\nWe only support graphics cards which have up-to-date drivers that are compatible with OpenGL 4.6. Most graphics cards released in the past 12 years are compatible. This includes the following hardware:\n\n- INTEL HD Graphics 500 Series (Skylake) or newer\n- NVIDIA GeForce 400 Series (Fermi) or newer\n- AMD Radeon HD 7000 Series (GCN 1) or newer\n \nIn some cases, older graphics cards may also work (so long as they have up-to-date drivers which have support for OpenGL 3.3), but they are not officially supported, and may not be compatible with future versions of Sodium.\n\nAndroid devices which use OpenGL translation layers (such as GL4ES, ANGLE, etc) are not supported and will very likely not work with Sodium. These translation layers do not implement required functionality and they suffer from underlying driver bugs which cannot be worked around.\n\nIf you are running into problems, you should make sure that your graphics drivers are up-to-date. Out-of-date graphics drivers are often the reason for most crashes, rendering bugs, and performance issues.\n\n# ⚙️ Technical details\n\nSo, how exactly does Sodium work? We obviously cannot just say that the game is magically faster without providing some kind of explanation. The following list tries to cover some of the most significant changes which are responsible for our performance improvements, but it's not complete or exhaustive of everything Sodium does.\n\n- We replace all of Minecraft's world rendering code with our own implementation that is built upon modern rendering techniques. For chunk rendering, we make use of _geometry batching_ and _draw pass consolidation_, which greatly reduces the amount of CPU overhead involved in rendering the world. Sodium isn't just an optimization mod... it's more like a rendering engine.\n\n- We use a much more compact format for world geometry, which allows for up to a ~40% reduction in the amount of video memory used by chunks. Additionally, we make use of a second culling pass to eliminate geometry which is facing away from the camera (but still within the camera's view) so that the GPU does not need to process hidden geometry. Together, these optimizations reduce video memory bandwidth requirements significantly, which is one of the game's biggest bottlenecks.\n\n- We use a fully-rewritten system for generating chunk geometry, including the biome colorization, lighting, and shading passes. This is often much faster than the vanilla code, which helps to make chunk loading faster and less CPU-intensive. ([before](https://streamable.com/3taw22), [after](https://streamable.com/4pesh2))\n\n- We use a custom threading implementation which ensures chunk updates are better able to take advantage of multi-core CPUs, which greatly reduces the lag spikes that are caused by placing/breaking blocks. ([before](https://streamable.com/lm5sp5), [after](https://streamable.com/nsdl0r))\n\n- We've written many optimizations for vertex building and transformation, which helps to speed up immediate-mode rendering. This noticeably improves performance in heavy scenes, such as when many entities are visible.\n\n- We've made numerous improvements to how the game manages memory and allocates objects, which in turn reduces memory consumption and lag spikes caused by garbage collector activity.\n\n- Animated textures which are not visible in the world are not updated, speeding up texture updating on most hardware (especially AMD cards.)\n\nMany people are used to performance optimization meaning that the game will look worse, but in our case, we actually improve the graphical fidelity of Minecraft in most situations.\n\n- Biome colors for blocks and fluids are smoothed across block faces, providing greatly improved graphical quality that is significantly less computationally intensive.  ([comparison](https://cdn.modrinth.com/data/AANobbMI/images/6b0e58705156ba67a6d97a74b9f9ac05da69f502.webp))\n\n- Smooth lighting now works correctly on fluids and other special blocks ([comparison](https://cdn.modrinth.com/data/AANobbMI/images/d84313e6f57dc9e7896961dbd2dfc2689d482758.webp)) We also fix a number of graphical issues with block shading ([comparison](https://cdn.modrinth.com/data/AANobbMI/images/56c4599efcb529a19aed0e118caad4178d7fd540.webp)) which helps to make everything look smoother.\n\n# 🐛 How to Report Issues\n\nPlease use the [issue tracker](https://github.com/jellysquid3/sodium-fabric/issues) linked at the top of the page to report bugs, crashes, and other issues. Make sure you include information about the mods you are using, and attach any crash/log files you have.\n\n# ❓ Frequently Asked Questions\n\nWe have a short wiki with some of the most frequently asked questions [here](https://github.com/CaffeineMC/caffeine-meta/wiki/FAQ). More likely than not, your question already has an answer here.",
          "published": "2021-01-03T00:53:34.185936Z",
          "updated": "2024-02-01T20:33:32.160867Z",
          "status": "approved",
          "license": {
            "id": "LGPL-3.0-only",
            "name": "GNU Lesser General Public License v3.0 only",
            "url": "https://github.com/CaffeineMC/sodium-fabric/blob/dev/LICENSE.txt"
          },
          "client_side": "required",
          "server_side": "unsupported",
          "categories": [
            "optimization"
          ],
          "icon_url": "https://cdn.modrinth.com/data/AANobbMI/icon.png",
          "issues_url": "https://github.com/CaffeineMC/sodium-fabric/issues",
          "source_url": "https://github.com/CaffeineMC/sodium-fabric",
          "wiki_url": "https://github.com/CaffeineMC/sodium-fabric/wiki",
          "discord_url": "https://caffeinemc.net/discord",
          "donation_urls": [
            {
              "id": "other",
              "platform": "Other",
              "url": "https://caffeinemc.net/donate"
            }
          ],
          "gallery": [
            {
              "url": "https://cdn.modrinth.com/data/AANobbMI/images/d84313e6f57dc9e7896961dbd2dfc2689d482758.webp",
              "featured": false,
              "title": "Underwater Lighting Improvements",
              "description": "Sodium fixes many graphical issues with smooth lighting while underwater.",
              "created": "2023-06-25T21:35:39.891789Z",
              "ordering": 0.0
            },
            {
              "url": "https://cdn.modrinth.com/data/AANobbMI/images/6b0e58705156ba67a6d97a74b9f9ac05da69f502.webp",
              "featured": false,
              "title": "Biome Blending Improvements",
              "description": "Sodium improves biome blending to use gradients across each block, making the effect look much smoother.",
              "created": "2023-06-25T21:32:36.805733Z",
              "ordering": 1.0
            },
            {
              "url": "https://cdn.modrinth.com/data/AANobbMI/images/b681a9e87daa53a0e85336a894db70427007149b.webp",
              "featured": false,
              "title": "Fluid Rendering Improvements",
              "description": "Sodium implements smooth lighting for all fluids, fixing a long-standing issue in Minecraft.",
              "created": "2023-06-25T21:34:46.764479Z",
              "ordering": 10.0
            },
            {
              "url": "https://cdn.modrinth.com/data/AANobbMI/images/56c4599efcb529a19aed0e118caad4178d7fd540.webp",
              "featured": false,
              "title": "Block Shading Improvements",
              "description": "Sodium greatly improves the shading of blocks, fixing a number of bugs while making block shadows look more smooth and consistent.",
              "created": "2023-06-25T21:36:48.985787Z",
              "ordering": 30.0
            },
            {
              "url": "https://cdn.modrinth.com/data/AANobbMI/images/5ca2e8f6c72f3d543dd3dc95b706964c5678d80e.png",
              "featured": false,
              "title": "Sodium 0.5.2",
              "description": "Sodium greatly optimizes the game's renderer to be faster and more efficient, which can often result in FPS improvements of 300% or more.",
              "created": "2023-08-19T17:00:08.788447Z",
              "ordering": 999.0
            },
            {
              "url": "https://cdn.modrinth.com/data/AANobbMI/images/c39debea7fc623306e9c45148084585399fc59ee.webp",
              "featured": false,
              "title": "Sodium 0.4.1",
              "description": "Sodium greatly optimizes the game's renderer to be faster and more efficient, which can often result in FPS improvements of 300% or more.",
              "created": "2023-06-25T21:30:34.663388Z",
              "ordering": 1000.0
            }
          ]
        },
        "modrinthVersion": {
          "id": "4GyXKCLd",
          "project_id": "AANobbMI",
          "author_id": "TEZXhE2U",
          "name": "Sodium 0.5.8",
          "version_number": "mc1.20.4-0.5.8",
          "changelog": "- Fixed compatibility with Fabric API 0.95.3+ when using High Contrast or Programmer Art resource packs.\n- Improved support for keyboard accessibility features in parts of the video settings screen. (thanks @haykam821)\n- Updated mod compatibility data.",
          "date_published": "2024-02-01T20:33:48.832862Z",
          "version_type": "release",
          "files": [
            {
              "hashes": {
                "sha512": "bd00b956bde1205171e744a6a3780e835fb6928eb667fb2b56467818c979fb1e8c82561380a71a7dbfa1516cd4b6cf9087ca99f1ae066da6d65af2c828b8d554",
                "sha1": "4c38d7b01660a27a98406767c613b3f28b6c9dfe"
              },
              "url": "https://cdn.modrinth.com/data/AANobbMI/versions/4GyXKCLd/sodium-fabric-0.5.8%2Bmc1.20.4.jar",
              "filename": "sodium-fabric-0.5.8+mc1.20.4.jar",
              "primary": true,
              "size": 949085
            }
          ],
          "dependencies": [],
          "game_versions": [
            "1.20.3",
            "1.20.4"
          ],
          "loaders": [
            "fabric",
            "quilt"
          ]
        }
      },
      {
        "name": "Fabric API",
        "version": "[1.20.4] Fabric API 0.96.11+1.20.4",
        "optional": true,
        "file": "fabric-api-0.96.11+1.20.4.jar",
        "type": "mods",
        "description": "Core API library for the Fabric toolchain",
        "disabled": false,
        "userAdded": true,
        "wasSelected": true,
        "skipped": false,
        "curseForgeProjectId": 306612,
        "curseForgeFileId": 5191708,
        "curseForgeProject": {
          "id": 306612,
          "name": "Fabric API",
          "authors": [
            {
              "id": 9548223,
              "name": "modmuss50",
              "url": "https://www.curseforge.com/members/modmuss50"
            },
            {
              "id": 7025176,
              "name": "sfPlayer1",
              "url": "https://www.curseforge.com/members/sfplayer1"
            }
          ],
          "gameId": 432,
          "summary": "Core API library for the Fabric toolchain",
          "categories": [
            {
              "name": "API and Library",
              "slug": "library-api",
              "url": "https://www.curseforge.com/minecraft/mc-mods/library-api",
              "dateModified": "2014-05-23T03:21:44.06Z",
              "gameId": 432,
              "isClass": false,
              "id": 421,
              "iconUrl": "https://media.forgecdn.net/avatars/6/36/635351496947765531.png",
              "parentCategoryId": 6,
              "classId": 6
            }
          ],
          "status": 4,
          "primaryCategoryId": 421,
          "classId": 6,
          "slug": "fabric-api",
          "isFeatured": false,
          "dateModified": "2024-04-03T15:12:47.53Z",
          "dateCreated": "2018-11-08T17:59:56.667Z",
          "dateReleased": "2024-04-03T15:06:52.627Z",
          "links": {
            "websiteUrl": "https://www.curseforge.com/minecraft/mc-mods/fabric-api",
            "wikiUrl": "https://fabricmc.net/wiki/",
            "issuesUrl": "https://github.com/FabricMC/fabric/issues",
            "sourceUrl": "https://github.com/FabricMC/fabric"
          },
          "logo": {
            "id": 185822,
            "description": "",
            "thumbnailUrl": "https://media.forgecdn.net/avatars/thumbnails/185/822/256/256/636829723898798601.png",
            "title": "636829723898798601.png",
            "url": "https://media.forgecdn.net/avatars/185/822/636829723898798601.png",
            "modId": 306612
          },
          "allowModDistribution": true,
          "screenshots": [],
          "mainFileId": 5191708
        },
        "curseForgeFile": {
          "id": 5191708,
          "gameId": 432,
          "isAvailable": true,
          "displayName": "[1.20.4] Fabric API 0.96.11+1.20.4",
          "fileName": "fabric-api-0.96.11+1.20.4.jar",
          "releaseType": 1,
          "fileStatus": 4,
          "fileDate": "2024-03-18T09:36:47.49Z",
          "fileLength": 2160959,
          "dependencies": [],
          "alternateFileId": 0,
          "modules": [
            {
              "fingerprint": 2968032028,
              "name": "META-INF"
            },
            {
              "fingerprint": 3574284957,
              "name": "LICENSE-fabric-api"
            },
            {
              "fingerprint": 860504683,
              "name": "assets"
            },
            {
              "fingerprint": 2155640645,
              "name": "fabric.mod.json"
            }
          ],
          "isServerPack": false,
          "hashes": [
            {
              "value": "5537a4592773739e7279f3685445a84af49fde56",
              "algo": 1
            },
            {
              "value": "43fe492304dbd663fb3148d4f5c4a024",
              "algo": 2
            }
          ],
          "sortableGameVersions": [
            {
              "gameVersionPadded": "0",
              "gameVersion": "",
              "gameVersionReleaseDate": "2022-09-01T00:00:00Z",
              "gameVersionName": "Fabric"
            },
            {
              "gameVersionPadded": "0000000001.0000000020.0000000004",
              "gameVersion": "1.20.4",
              "gameVersionReleaseDate": "2023-12-07T15:17:47.907Z",
              "gameVersionName": "1.20.4"
            }
          ],
          "gameVersions": [
            "Fabric",
            "1.20.4"
          ],
          "fileFingerprint": 646725874,
          "modId": 306612
        },
        "modrinthProject": {
          "id": "P7dR8mSH",
          "slug": "fabric-api",
          "project_type": "mod",
          "team": "BZoBsPo6",
          "title": "Fabric API",
          "description": "Lightweight and modular API providing common hooks and intercompatibility measures utilized by mods using the Fabric toolchain.",
          "body": "# Fabric API\n\nEssential hooks for modding with Fabric.\n\nFabric API is the library for essential hooks and interoperability mechanisms for Fabric mods. Examples include:\n\n- Exposing functionality that is useful but difficult to access for many mods such as particles, biomes and dimensions\n- Adding events, hooks and APIs to improve interopability between mods.\n- Essential features such as registry synchronization and adding information to crash reports.\n- An advanced rendering API designed for compatibility with optimization mods and graphics overhaul mods.\n\nAlso check out [Fabric Loader](https://github.com/FabricMC/fabric-loader), the (mostly) version-independent mod loader that powers Fabric. Fabric API is a mod like any other Fabric mod which requires Fabric Loader to be installed.\n\nFor support and discussion for both developers and users, visit [the Fabric Discord server](https://discord.gg/v6v4pMv).\n\n## Using Fabric API to play with mods\n\nMake sure you have install fabric loader first. More information about installing Fabric Loader can be found [here](https://fabricmc.net/use/).\n\nThe downloaded jar file should be placed in your `mods` folder.",
          "published": "2021-01-22T11:04:41.419169Z",
          "updated": "2024-04-03T15:06:55.705995Z",
          "status": "approved",
          "license": {
            "id": "Apache-2.0",
            "name": "Apache License 2.0"
          },
          "client_side": "optional",
          "server_side": "optional",
          "categories": [
            "library"
          ],
          "icon_url": "https://cdn.modrinth.com/data/P7dR8mSH/icon.png",
          "issues_url": "https://github.com/FabricMC/fabric/issues",
          "source_url": "https://github.com/FabricMC/fabric",
          "wiki_url": "https://fabricmc.net/wiki/",
          "discord_url": "https://discord.gg/v6v4pMv",
          "donation_urls": [],
          "gallery": []
        },
        "modrinthVersion": {
          "id": "htRy7kbI",
          "project_id": "P7dR8mSH",
          "author_id": "JZA4dW8o",
          "name": "[1.20.4] Fabric API 0.96.11+1.20.4",
          "version_number": "0.96.11+1.20.4",
          "changelog": "- Bump version (modmuss50)\n- Fix accidental typo. (modmuss50)\n- Fix builtin resource pack having wrong ID (apple502j)\n",
          "date_published": "2024-03-18T09:36:52.190241Z",
          "version_type": "release",
          "files": [
            {
              "hashes": {
                "sha512": "3a46d5f67d2863f4d7a28e2e7588d08a26318dea1fef6d968816d6134bce91f2b21c7012ed5988a72e45a16db57a90dcfec5f021b2004ce9a75cb9f953f30c64",
                "sha1": "5537a4592773739e7279f3685445a84af49fde56"
              },
              "url": "https://cdn.modrinth.com/data/P7dR8mSH/versions/htRy7kbI/fabric-api-0.96.11%2B1.20.4.jar",
              "filename": "fabric-api-0.96.11+1.20.4.jar",
              "primary": true,
              "size": 2160959
            }
          ],
          "dependencies": [],
          "game_versions": [
            "1.20.4"
          ],
          "loaders": [
            "fabric"
          ]
        }
      },
      {
        "name": "Iris Shaders",
        "version": "1.6.17",
        "optional": true,
        "file": "iris-mc1.20.4-1.6.17.jar",
        "type": "mods",
        "description": "A modern shaders mod for Minecraft intended to be compatible with existing Optifine shaders",
        "disabled": false,
        "userAdded": true,
        "wasSelected": true,
        "skipped": false,
        "curseForgeProjectId": 455508,
        "curseForgeFileId": 5095001,
        "curseForgeProject": {
          "id": 455508,
          "name": "Iris Shaders",
          "authors": [
            {
              "id": 44226090,
              "name": "coderbot",
              "url": "https://www.curseforge.com/members/coderbot"
            },
            {
              "id": 101521578,
              "name": "IMS21",
              "url": "https://www.curseforge.com/members/ims21"
            }
          ],
          "gameId": 432,
          "summary": "A modern shaders mod for Minecraft intended to be compatible with existing Optifine shaders",
          "categories": [
            {
              "name": "Cosmetic",
              "slug": "cosmetic",
              "url": "https://www.curseforge.com/minecraft/mc-mods/cosmetic",
              "dateModified": "2014-05-08T17:42:35.597Z",
              "gameId": 432,
              "isClass": false,
              "id": 424,
              "iconUrl": "https://media.forgecdn.net/avatars/6/39/635351497555976928.png",
              "parentCategoryId": 6,
              "classId": 6
            },
            {
              "name": "Miscellaneous",
              "slug": "mc-miscellaneous",
              "url": "https://www.curseforge.com/minecraft/mc-mods/mc-miscellaneous",
              "dateModified": "2014-06-15T04:27:14.543Z",
              "gameId": 432,
              "isClass": false,
              "id": 425,
              "iconUrl": "https://media.forgecdn.net/avatars/6/40/635351497693711265.png",
              "parentCategoryId": 6,
              "classId": 6
            }
          ],
          "status": 4,
          "primaryCategoryId": 425,
          "classId": 6,
          "slug": "irisshaders",
          "isFeatured": false,
          "dateModified": "2024-04-03T22:14:27.64Z",
          "dateCreated": "2021-03-10T22:15:48.643Z",
          "dateReleased": "2024-02-10T04:31:21.28Z",
          "links": {
            "websiteUrl": "https://www.curseforge.com/minecraft/mc-mods/irisshaders",
            "wikiUrl": "",
            "issuesUrl": "https://github.com/IrisShaders/Iris/issues",
            "sourceUrl": "https://github.com/IrisShaders/Iris"
          },
          "logo": {
            "id": 640757,
            "description": "",
            "thumbnailUrl": "https://media.forgecdn.net/avatars/thumbnails/640/757/256/256/638042285668346158.jpeg",
            "title": "638042285668346158.jpeg",
            "url": "https://media.forgecdn.net/avatars/640/757/638042285668346158.jpeg",
            "modId": 455508
          },
          "allowModDistribution": true,
          "screenshots": [],
          "mainFileId": 5095005
        },
        "curseForgeFile": {
          "id": 5095001,
          "gameId": 432,
          "isAvailable": true,
          "displayName": "Iris 1.6.17 for Minecraft 1.20.4",
          "fileName": "iris-mc1.20.4-1.6.17.jar",
          "releaseType": 1,
          "fileStatus": 4,
          "fileDate": "2024-02-10T04:27:37.923Z",
          "fileLength": 2421865,
          "dependencies": [
            {
              "fileId": 0,
              "modId": 394468,
              "relationType": 3
            },
            {
              "fileId": 0,
              "modId": 394468,
              "relationType": 3
            }
          ],
          "alternateFileId": 0,
          "modules": [
            {
              "fingerprint": 2123960300,
              "name": "META-INF"
            },
            {
              "fingerprint": 2455771504,
              "name": "assets"
            },
            {
              "fingerprint": 1579026811,
              "name": "centerDepth.fsh"
            },
            {
              "fingerprint": 462961270,
              "name": "centerDepth.vsh"
            },
            {
              "fingerprint": 1494857400,
              "name": "colorSpace.csh"
            },
            {
              "fingerprint": 1398698219,
              "name": "colorSpace.vsh"
            },
            {
              "fingerprint": 4239050779,
              "name": "de"
            },
            {
              "fingerprint": 3978751165,
              "name": "fabric.mod.json"
            },
            {
              "fingerprint": 3345946731,
              "name": "iris-batched-entity-rendering.mixins.json"
            },
            {
              "fingerprint": 1483691348,
              "name": "iris-refmap.json"
            },
            {
              "fingerprint": 2969149399,
              "name": "iris.accesswidener"
            },
            {
              "fingerprint": 7468445,
              "name": "kroppeb"
            },
            {
              "fingerprint": 2308119667,
              "name": "mixins.iris.bettermipmaps.json"
            },
            {
              "fingerprint": 2734844473,
              "name": "mixins.iris.compat.dh.json"
            },
            {
              "fingerprint": 3448222104,
              "name": "mixins.iris.compat.indigo.json"
            },
            {
              "fingerprint": 1109195557,
              "name": "mixins.iris.compat.indium.json"
            },
            {
              "fingerprint": 1295083966,
              "name": "mixins.iris.compat.sodium.json"
            },
            {
              "fingerprint": 1185611938,
              "name": "mixins.iris.devenvironment.json"
            },
            {
              "fingerprint": 1404281913,
              "name": "mixins.iris.fantastic.json"
            },
            {
              "fingerprint": 2786119635,
              "name": "mixins.iris.fixes.maxfpscrash.json"
            },
            {
              "fingerprint": 4038426548,
              "name": "mixins.iris.integrationtest.json"
            },
            {
              "fingerprint": 3345039903,
              "name": "mixins.iris.json"
            },
            {
              "fingerprint": 3184519667,
              "name": "mixins.iris.vertexformat.json"
            },
            {
              "fingerprint": 3260854290,
              "name": "net"
            }
          ],
          "isServerPack": false,
          "hashes": [
            {
              "value": "42e06f32cd7036c10d69564a64ce1d08afe3c613",
              "algo": 1
            },
            {
              "value": "cc391df9e929608c37a04a342c6babb3",
              "algo": 2
            }
          ],
          "sortableGameVersions": [
            {
              "gameVersionPadded": "0",
              "gameVersion": "",
              "gameVersionReleaseDate": "2022-09-01T00:00:00Z",
              "gameVersionName": "Fabric"
            },
            {
              "gameVersionPadded": "0000000001.0000000020.0000000003",
              "gameVersion": "1.20.3",
              "gameVersionReleaseDate": "2023-12-05T17:24:10.113Z",
              "gameVersionName": "1.20.3"
            },
            {
              "gameVersionPadded": "0000000001.0000000020.0000000004",
              "gameVersion": "1.20.4",
              "gameVersionReleaseDate": "2023-12-07T15:17:47.907Z",
              "gameVersionName": "1.20.4"
            },
            {
              "gameVersionPadded": "0",
              "gameVersion": "",
              "gameVersionReleaseDate": "2022-05-26T00:00:00Z",
              "gameVersionName": "Quilt"
            }
          ],
          "gameVersions": [
            "Fabric",
            "1.20.3",
            "1.20.4",
            "Quilt"
          ],
          "fileFingerprint": 1541425683,
          "modId": 455508
        },
        "modrinthProject": {
          "id": "YL57xq9U",
          "slug": "iris",
          "project_type": "mod",
          "team": "1HMZl6Mn",
          "title": "Iris Shaders",
          "description": "A modern shaders mod for Minecraft intended to be compatible with existing OptiFine shader packs",
          "body": "# IF YOU ARE LOOKING FOR THE NEW DISTANT HORIZONS COMPATIBILITY, THIS IS NOT IT.\n\n![Iris: An open-source shaders mod compatible with OptiFine shaderpacks](https://raw.githubusercontent.com/IrisShaders/Iris/trunk/docs/banner.png)\n\n## Links\n\n* **Visit [our website](https://irisshaders.dev) for downloads and pretty screenshots!**\n* **Visit [the shaders section](https://modrinth.com/shaders) to find shader packs!**\n* Visit [our Discord server](https://discord.gg/jQJnav2jPu) to chat about the mod and get support! It's also a great place to get development updates right as they're happening.\n* Visit [the developer documentation](https://github.com/IrisShaders/Iris/tree/trunk/docs/development) for information on developing, building, and contributing to Iris!\n\n## Installation\n\nYou can find a guide to installation [here](https://github.com/IrisShaders/Iris/blob/1.19.4/docs/guide.md).\n\n## FAQ\n\n- Find answers to frequently asked questions on our [FAQ page](https://github.com/IrisShaders/Iris/blob/1.19.4/docs/faq.md).\n- Iris supports almost all shaderpacks, but a list of unsupported shaderpacks is available [here](https://github.com/IrisShaders/Iris/blob/1.19.4/docs/unsupportedshaders.md).\n- A list of unfixable limitations in Iris is available [here](https://github.com/IrisShaders/Iris/blob/1.19.4/docs/usage/limitations.md).\n\n## More Info\n\nMore info can be found on our [README](https://github.com/IrisShaders/Iris/blob/trunk/README.md).",
          "published": "2021-05-27T05:11:15.690120Z",
          "updated": "2024-02-10T04:31:23.073814Z",
          "status": "approved",
          "license": {
            "id": "LGPL-3.0-only",
            "name": "GNU Lesser General Public License v3.0 only"
          },
          "client_side": "required",
          "server_side": "unsupported",
          "categories": [
            "decoration",
            "optimization"
          ],
          "icon_url": "https://cdn.modrinth.com/data/YL57xq9U/dc558eece920db435f9823ce86de0c4cde89800b.png",
          "issues_url": "https://github.com/IrisShaders/Iris/issues",
          "source_url": "https://github.com/IrisShaders/Iris",
          "discord_url": "https://discord.gg/jQJnav2jPu",
          "donation_urls": [
            {
              "id": "patreon",
              "platform": "Patreon",
              "url": "https://www.patreon.com/coderbot"
            }
          ],
          "gallery": [
            {
              "url": "https://cdn.modrinth.com/data/YL57xq9U/images/1c3d0dfbedf31dbee4e30e20c5329e5db9a881ae.png",
              "featured": false,
              "title": "Crying Obsidian Sky",
              "description": "Complementary Shaders 4.4 dev3",
              "created": "2022-02-28T02:35:42.372271Z",
              "ordering": 0.0
            },
            {
              "url": "https://cdn.modrinth.com/data/YL57xq9U/images/2fbd04f5d123577696e29b28bb7981a2bc95a0c8.png",
              "featured": false,
              "title": "Wide Mountain",
              "description": "woodiertexas - Complementary Shaders",
              "created": "2022-02-28T02:34:59.422420Z",
              "ordering": 0.0
            },
            {
              "url": "https://cdn.modrinth.com/data/YL57xq9U/images/d382106b9a2b943d06107c31c139c77849f1a0e8.png",
              "featured": true,
              "title": "A nice sunset",
              "description": "Complementary Shaders 4.4 dev5",
              "created": "2022-02-28T02:26:00.883959Z",
              "ordering": 0.0
            }
          ]
        },
        "modrinthVersion": {
          "id": "kGdJ11Rt",
          "project_id": "YL57xq9U",
          "author_id": "DzLrfrbK",
          "name": "Iris 1.6.17 for Minecraft 1.20.4",
          "version_number": "1.6.17+1.20.4",
          "changelog": "Fixes a bug causing drastically degraded performance in the last release.\n\n(pretend 1.6.16 never happened okay)",
          "date_published": "2024-02-10T04:27:40.820411Z",
          "version_type": "release",
          "files": [
            {
              "hashes": {
                "sha512": "2a9b725a720296b23666e7443ed23c37172ece3f0678457fb8b204a287cbe1d03726ddcfb20f3fbc2bd5e6cd8d1d74e80817b374b93db0c95537859b4e1b3ad1",
                "sha1": "42e06f32cd7036c10d69564a64ce1d08afe3c613"
              },
              "url": "https://cdn.modrinth.com/data/YL57xq9U/versions/kGdJ11Rt/iris-mc1.20.4-1.6.17.jar",
              "filename": "iris-mc1.20.4-1.6.17.jar",
              "primary": true,
              "size": 2421865
            }
          ],
          "dependencies": [
            {
              "project_id": "AANobbMI",
              "dependency_type": "required"
            }
          ],
          "game_versions": [
            "1.20.3",
            "1.20.4"
          ],
          "loaders": [
            "fabric",
            "quilt"
          ]
        }
      },
      {
        "name": "FPS-Display",
        "version": "4.0.0+1.20.4",
        "optional": true,
        "file": "fpsdisplay-4.0.0+1.20.4.jar",
        "type": "mods",
        "description": "A simple Fabric mod that displays the current FPS on screen.",
        "disabled": false,
        "userAdded": true,
        "wasSelected": true,
        "skipped": false
      }
    ],
    "ignoredUpdates": [],
    "ignoreAllUpdates": false,
    "vanillaInstance": true,
    "lastPlayed": 1713977488190,
    "numPlays": 104
  },
  "id": "1.20.4",
  "complianceLevel": 1,
  "javaVersion": {
    "component": "java-runtime-gamma",
    "majorVersion": 17
  },
  "arguments": {
    "game": [
      "--username",
      "${auth_player_name}",
      "--version",
      "${version_name}",
      "--gameDir",
      "${game_directory}",
      "--assetsDir",
      "${assets_root}",
      "--assetIndex",
      "${assets_index_name}",
      "--uuid",
      "${auth_uuid}",
      "--accessToken",
      "${auth_access_token}",
      "--clientId",
      "${clientid}",
      "--xuid",
      "${auth_xuid}",
      "--userType",
      "${user_type}",
      "--versionType",
      "${version_type}",
      {
        "rules": [
          {
            "action": "allow",
            "features": {}
          }
        ],
        "value": "--demo"
      },
      {
        "rules": [
          {
            "action": "allow",
            "features": {
              "has_custom_resolution": "true"
            }
          }
        ],
        "value": [
          "--width",
          "${resolution_width}",
          "--height",
          "${resolution_height}"
        ]
      },
      {
        "rules": [
          {
            "action": "allow",
            "features": {}
          }
        ],
        "value": [
          "--quickPlayPath",
          "${quickPlayPath}"
        ]
      },
      {
        "rules": [
          {
            "action": "allow",
            "features": {}
          }
        ],
        "value": [
          "--quickPlaySingleplayer",
          "${quickPlaySingleplayer}"
        ]
      },
      {
        "rules": [
          {
            "action": "allow",
            "features": {}
          }
        ],
        "value": [
          "--quickPlayMultiplayer",
          "${quickPlayMultiplayer}"
        ]
      },
      {
        "rules": [
          {
            "action": "allow",
            "features": {}
          }
        ],
        "value": [
          "--quickPlayRealms",
          "${quickPlayRealms}"
        ]
      }
    ],
    "jvm": [
      {
        "rules": [
          {
            "action": "allow",
            "os": {
              "name": "osx"
            }
          }
        ],
        "value": [
          "-XstartOnFirstThread"
        ]
      },
      {
        "rules": [
          {
            "action": "allow",
            "os": {
              "name": "windows"
            }
          }
        ],
        "value": "-XX:HeapDumpPath=MojangTricksIntelDriversForPerformance_javaw.exe_minecraft.exe.heapdump"
      },
      {
        "rules": [
          {
            "action": "allow",
            "os": {
              "arch": "x86"
            }
          }
        ],
        "value": "-Xss1M"
      },
      "-Djava.library.path=${natives_directory}",
      "-Djna.tmpdir=${natives_directory}",
      "-Dorg.lwjgl.system.SharedLibraryExtractPath=${natives_directory}",
      "-Dio.netty.native.workdir=${natives_directory}",
      "-Dminecraft.launcher.brand=${launcher_name}",
      "-Dminecraft.launcher.version=${launcher_version}",
      "-cp",
      "${classpath}",
      "-DFabricMcEmu= net.minecraft.client.main.Main "
    ]
  },
  "type": "release",
  "time": "2023-12-07T12:56:20+00:00",
  "releaseTime": "2023-12-07T12:56:20+00:00",
  "minimumLauncherVersion": "21",
  "assetIndex": {
    "id": "12",
    "sha1": "1437c750990fb5f725008b679c7571b8a66818a6",
    "size": 436499,
    "url": "https://piston-meta.mojang.com/v1/packages/1437c750990fb5f725008b679c7571b8a66818a6/12.json",
    "totalSize": 628929542
  },
  "assets": "12",
  "downloads": {
    "client": {
      "sha1": "fd19469fed4a4b4c15b2d5133985f0e3e7816a8a",
      "size": 24445539,
      "url": "https://piston-data.mojang.com/v1/objects/fd19469fed4a4b4c15b2d5133985f0e3e7816a8a/client.jar"
    },
    "server": {
      "sha1": "8dd1a28015f51b1803213892b50b7b4fc76e594d",
      "size": 49150256,
      "url": "https://piston-data.mojang.com/v1/objects/8dd1a28015f51b1803213892b50b7b4fc76e594d/server.jar"
    }
  },
  "logging": {
    "client": {
      "argument": "-Dlog4j.configurationFile=${path}",
      "file": {
        "id": "client-1.12.xml",
        "sha1": "bd65e7d2e3c237be76cfbef4c2405033d7f91521",
        "size": 888,
        "url": "https://piston-data.mojang.com/v1/objects/bd65e7d2e3c237be76cfbef4c2405033d7f91521/client-1.12.xml"
      },
      "type": "log4j2-xml"
    }
  },
  "libraries": [
    {
      "name": "org.ow2.asm:asm:9.6",
      "downloads": {
        "artifact": {
          "path": "org/ow2/asm/asm/9.6/asm-9.6.jar",
          "sha1": "aa205cf0a06dbd8e04ece91c0b37c3f5d567546a",
          "size": 123598,
          "url": "https://maven.fabricmc.net/org/ow2/asm/asm/9.6/asm-9.6.jar"
        }
      }
    },
    {
      "name": "org.ow2.asm:asm-analysis:9.6",
      "downloads": {
        "artifact": {
          "path": "org/ow2/asm/asm-analysis/9.6/asm-analysis-9.6.jar",
          "sha1": "9ce6c7b174bd997fc2552dff47964546bd7a5ec3",
          "size": 34041,
          "url": "https://maven.fabricmc.net/org/ow2/asm/asm-analysis/9.6/asm-analysis-9.6.jar"
        }
      }
    },
    {
      "name": "org.ow2.asm:asm-commons:9.6",
      "downloads": {
        "artifact": {
          "path": "org/ow2/asm/asm-commons/9.6/asm-commons-9.6.jar",
          "sha1": "f1a9e5508eff490744144565c47326c8648be309",
          "size": 72194,
          "url": "https://maven.fabricmc.net/org/ow2/asm/asm-commons/9.6/asm-commons-9.6.jar"
        }
      }
    },
    {
      "name": "org.ow2.asm:asm-tree:9.6",
      "downloads": {
        "artifact": {
          "path": "org/ow2/asm/asm-tree/9.6/asm-tree-9.6.jar",
          "sha1": "c0cdda9d211e965d2a4448aa3fd86110f2f8c2de",
          "size": 51935,
          "url": "https://maven.fabricmc.net/org/ow2/asm/asm-tree/9.6/asm-tree-9.6.jar"
        }
      }
    },
    {
      "name": "org.ow2.asm:asm-util:9.6",
      "downloads": {
        "artifact": {
          "path": "org/ow2/asm/asm-util/9.6/asm-util-9.6.jar",
          "sha1": "f77caf84eb93786a749b2baa40865b9613e3eaee",
          "size": 91131,
          "url": "https://maven.fabricmc.net/org/ow2/asm/asm-util/9.6/asm-util-9.6.jar"
        }
      }
    },
    {
      "name": "net.fabricmc:sponge-mixin:0.12.5+mixin.0.8.5",
      "downloads": {
        "artifact": {
          "path": "net/fabricmc/sponge-mixin/0.12.5+mixin.0.8.5/sponge-mixin-0.12.5+mixin.0.8.5.jar",
          "size": -1,
          "url": "https://maven.fabricmc.net/net/fabricmc/sponge-mixin/0.12.5+mixin.0.8.5/sponge-mixin-0.12.5+mixin.0.8.5.jar"
        }
      }
    },
    {
      "name": "net.fabricmc:intermediary:1.20.4",
      "downloads": {
        "artifact": {
          "path": "net/fabricmc/intermediary/1.20.4/intermediary-1.20.4.jar",
          "size": -1,
          "url": "https://maven.fabricmc.net/net/fabricmc/intermediary/1.20.4/intermediary-1.20.4.jar"
        }
      }
    },
    {
      "name": "net.fabricmc:fabric-loader:0.15.9",
      "downloads": {
        "artifact": {
          "path": "net/fabricmc/fabric-loader/0.15.9/fabric-loader-0.15.9.jar",
          "size": -1,
          "url": "https://maven.fabricmc.net/net/fabricmc/fabric-loader/0.15.9/fabric-loader-0.15.9.jar"
        }
      }
    },
    {
      "name": "ca.weblite:java-objc-bridge:1.1",
      "downloads": {
        "artifact": {
          "path": "ca/weblite/java-objc-bridge/1.1/java-objc-bridge-1.1.jar",
          "sha1": "1227f9e0666314f9de41477e3ec277e542ed7f7b",
          "size": 1330045,
          "url": "https://libraries.minecraft.net/ca/weblite/java-objc-bridge/1.1/java-objc-bridge-1.1.jar"
        }
      },
      "rules": [
        {
          "action": "allow",
          "os": {
            "name": "osx"
          }
        }
      ]
    },
    {
      "name": "com.github.oshi:oshi-core:6.4.5",
      "downloads": {
        "artifact": {
          "path": "com/github/oshi/oshi-core/6.4.5/oshi-core-6.4.5.jar",
          "sha1": "943ba26de047eb6b28fff47f5ee939a34eb5fc8e",
          "size": 970546,
          "url": "https://libraries.minecraft.net/com/github/oshi/oshi-core/6.4.5/oshi-core-6.4.5.jar"
        }
      }
    },
    {
      "name": "com.google.code.gson:gson:2.10.1",
      "downloads": {
        "artifact": {
          "path": "com/google/code/gson/gson/2.10.1/gson-2.10.1.jar",
          "sha1": "b3add478d4382b78ea20b1671390a858002feb6c",
          "size": 283367,
          "url": "https://libraries.minecraft.net/com/google/code/gson/gson/2.10.1/gson-2.10.1.jar"
        }
      }
    },
    {
      "name": "com.google.guava:failureaccess:1.0.1",
      "downloads": {
        "artifact": {
          "path": "com/google/guava/failureaccess/1.0.1/failureaccess-1.0.1.jar",
          "sha1": "1dcf1de382a0bf95a3d8b0849546c88bac1292c9",
          "size": 4617,
          "url": "https://libraries.minecraft.net/com/google/guava/failureaccess/1.0.1/failureaccess-1.0.1.jar"
        }
      }
    },
    {
      "name": "com.google.guava:guava:32.1.2-jre",
      "downloads": {
        "artifact": {
          "path": "com/google/guava/guava/32.1.2-jre/guava-32.1.2-jre.jar",
          "sha1": "5e64ec7e056456bef3a4bc4c6fdaef71e8ab6318",
          "size": 3041591,
          "url": "https://libraries.minecraft.net/com/google/guava/guava/32.1.2-jre/guava-32.1.2-jre.jar"
        }
      }
    },
    {
      "name": "com.ibm.icu:icu4j:73.2",
      "downloads": {
        "artifact": {
          "path": "com/ibm/icu/icu4j/73.2/icu4j-73.2.jar",
          "sha1": "61ad4ef7f9131fcf6d25c34b817f90d6da06c9e9",
          "size": 14567819,
          "url": "https://libraries.minecraft.net/com/ibm/icu/icu4j/73.2/icu4j-73.2.jar"
        }
      }
    },
    {
      "name": "com.mojang:authlib:6.0.52",
      "downloads": {
        "artifact": {
          "path": "com/mojang/authlib/6.0.52/authlib-6.0.52.jar",
          "sha1": "65085e2eb921c4a3ebdde3d248637f1776e6d80d",
          "size": 115471,
          "url": "https://libraries.minecraft.net/com/mojang/authlib/6.0.52/authlib-6.0.52.jar"
        }
      }
    },
    {
      "name": "com.mojang:blocklist:1.0.10",
      "downloads": {
        "artifact": {
          "path": "com/mojang/blocklist/1.0.10/blocklist-1.0.10.jar",
          "sha1": "5c685c5ffa94c4cd39496c7184c1d122e515ecef",
          "size": 964,
          "url": "https://libraries.minecraft.net/com/mojang/blocklist/1.0.10/blocklist-1.0.10.jar"
        }
      }
    },
    {
      "name": "com.mojang:brigadier:1.2.9",
      "downloads": {
        "artifact": {
          "path": "com/mojang/brigadier/1.2.9/brigadier-1.2.9.jar",
          "sha1": "73e324f2ee541493a5179abf367237faa782ed21",
          "size": 79955,
          "url": "https://libraries.minecraft.net/com/mojang/brigadier/1.2.9/brigadier-1.2.9.jar"
        }
      }
    },
    {
      "name": "com.mojang:datafixerupper:6.0.8",
      "downloads": {
        "artifact": {
          "path": "com/mojang/datafixerupper/6.0.8/datafixerupper-6.0.8.jar",
          "sha1": "3ba4a30557a9b057760af4011f909ba619fc5125",
          "size": 689960,
          "url": "https://libraries.minecraft.net/com/mojang/datafixerupper/6.0.8/datafixerupper-6.0.8.jar"
        }
      }
    },
    {
      "name": "com.mojang:logging:1.1.1",
      "downloads": {
        "artifact": {
          "path": "com/mojang/logging/1.1.1/logging-1.1.1.jar",
          "sha1": "832b8e6674a9b325a5175a3a6267dfaf34c85139",
          "size": 15343,
          "url": "https://libraries.minecraft.net/com/mojang/logging/1.1.1/logging-1.1.1.jar"
        }
      }
    },
    {
      "name": "com.mojang:patchy:2.2.10",
      "downloads": {
        "artifact": {
          "path": "com/mojang/patchy/2.2.10/patchy-2.2.10.jar",
          "sha1": "da05971b07cbb379d002cf7eaec6a2048211fefc",
          "size": 4439,
          "url": "https://libraries.minecraft.net/com/mojang/patchy/2.2.10/patchy-2.2.10.jar"
        }
      }
    },
    {
      "name": "com.mojang:text2speech:1.17.9",
      "downloads": {
        "artifact": {
          "path": "com/mojang/text2speech/1.17.9/text2speech-1.17.9.jar",
          "sha1": "3cad216e3a7f0c19b4b394388bc9ffc446f13b14",
          "size": 12243,
          "url": "https://libraries.minecraft.net/com/mojang/text2speech/1.17.9/text2speech-1.17.9.jar"
        }
      }
    },
    {
      "name": "commons-codec:commons-codec:1.16.0",
      "downloads": {
        "artifact": {
          "path": "commons-codec/commons-codec/1.16.0/commons-codec-1.16.0.jar",
          "sha1": "4e3eb3d79888d76b54e28b350915b5dc3919c9de",
          "size": 360738,
          "url": "https://libraries.minecraft.net/commons-codec/commons-codec/1.16.0/commons-codec-1.16.0.jar"
        }
      }
    },
    {
      "name": "commons-io:commons-io:2.13.0",
      "downloads": {
        "artifact": {
          "path": "commons-io/commons-io/2.13.0/commons-io-2.13.0.jar",
          "sha1": "8bb2bc9b4df17e2411533a0708a69f983bf5e83b",
          "size": 483954,
          "url": "https://libraries.minecraft.net/commons-io/commons-io/2.13.0/commons-io-2.13.0.jar"
        }
      }
    },
    {
      "name": "commons-logging:commons-logging:1.2",
      "downloads": {
        "artifact": {
          "path": "commons-logging/commons-logging/1.2/commons-logging-1.2.jar",
          "sha1": "4bfc12adfe4842bf07b657f0369c4cb522955686",
          "size": 61829,
          "url": "https://libraries.minecraft.net/commons-logging/commons-logging/1.2/commons-logging-1.2.jar"
        }
      }
    },
    {
      "name": "io.netty:netty-buffer:4.1.97.Final",
      "downloads": {
        "artifact": {
          "path": "io/netty/netty-buffer/4.1.97.Final/netty-buffer-4.1.97.Final.jar",
          "sha1": "f8f3d8644afa5e6e1a40a3a6aeb9d9aa970ecb4f",
          "size": 306590,
          "url": "https://libraries.minecraft.net/io/netty/netty-buffer/4.1.97.Final/netty-buffer-4.1.97.Final.jar"
        }
      }
    },
    {
      "name": "io.netty:netty-codec:4.1.97.Final",
      "downloads": {
        "artifact": {
          "path": "io/netty/netty-codec/4.1.97.Final/netty-codec-4.1.97.Final.jar",
          "sha1": "384ba4d75670befbedb45c4d3b497a93639c206d",
          "size": 345274,
          "url": "https://libraries.minecraft.net/io/netty/netty-codec/4.1.97.Final/netty-codec-4.1.97.Final.jar"
        }
      }
    },
    {
      "name": "io.netty:netty-common:4.1.97.Final",
      "downloads": {
        "artifact": {
          "path": "io/netty/netty-common/4.1.97.Final/netty-common-4.1.97.Final.jar",
          "sha1": "7cceacaf11df8dc63f23d0fb58e9d4640fc88404",
          "size": 659930,
          "url": "https://libraries.minecraft.net/io/netty/netty-common/4.1.97.Final/netty-common-4.1.97.Final.jar"
        }
      }
    },
    {
      "name": "io.netty:netty-handler:4.1.97.Final",
      "downloads": {
        "artifact": {
          "path": "io/netty/netty-handler/4.1.97.Final/netty-handler-4.1.97.Final.jar",
          "sha1": "abb86c6906bf512bf2b797a41cd7d2e8d3cd7c36",
          "size": 560040,
          "url": "https://libraries.minecraft.net/io/netty/netty-handler/4.1.97.Final/netty-handler-4.1.97.Final.jar"
        }
      }
    },
    {
      "name": "io.netty:netty-resolver:4.1.97.Final",
      "downloads": {
        "artifact": {
          "path": "io/netty/netty-resolver/4.1.97.Final/netty-resolver-4.1.97.Final.jar",
          "sha1": "cec8348108dc76c47cf87c669d514be52c922144",
          "size": 37792,
          "url": "https://libraries.minecraft.net/io/netty/netty-resolver/4.1.97.Final/netty-resolver-4.1.97.Final.jar"
        }
      }
    },
    {
      "name": "io.netty:netty-transport-classes-epoll:4.1.97.Final",
      "downloads": {
        "artifact": {
          "path": "io/netty/netty-transport-classes-epoll/4.1.97.Final/netty-transport-classes-epoll-4.1.97.Final.jar",
          "sha1": "795da37ded759e862457a82d9d92c4d39ce8ecee",
          "size": 147139,
          "url": "https://libraries.minecraft.net/io/netty/netty-transport-classes-epoll/4.1.97.Final/netty-transport-classes-epoll-4.1.97.Final.jar"
        }
      }
    },
    {
      "name": "io.netty:netty-transport-native-epoll:4.1.97.Final:linux-aarch_64",
      "downloads": {
        "artifact": {
          "path": "io/netty/netty-transport-native-epoll/4.1.97.Final/netty-transport-native-epoll-4.1.97.Final-linux-aarch_64.jar",
          "sha1": "5514744c588190ffda076b35a9b8c9f24946a960",
          "size": 40427,
          "url": "https://libraries.minecraft.net/io/netty/netty-transport-native-epoll/4.1.97.Final/netty-transport-native-epoll-4.1.97.Final-linux-aarch_64.jar"
        }
      },
      "rules": [
        {
          "action": "allow",
          "os": {
            "name": "linux"
          }
        }
      ]
    },
    {
      "name": "io.netty:netty-transport-native-epoll:4.1.97.Final:linux-x86_64",
      "downloads": {
        "artifact": {
          "path": "io/netty/netty-transport-native-epoll/4.1.97.Final/netty-transport-native-epoll-4.1.97.Final-linux-x86_64.jar",
          "sha1": "54188f271e388e7f313aea995e82f58ce2cdb809",
          "size": 38954,
          "url": "https://libraries.minecraft.net/io/netty/netty-transport-native-epoll/4.1.97.Final/netty-transport-native-epoll-4.1.97.Final-linux-x86_64.jar"
        }
      },
      "rules": [
        {
          "action": "allow",
          "os": {
            "name": "linux"
          }
        }
      ]
    },
    {
      "name": "io.netty:netty-transport-native-unix-common:4.1.97.Final",
      "downloads": {
        "artifact": {
          "path": "io/netty/netty-transport-native-unix-common/4.1.97.Final/netty-transport-native-unix-common-4.1.97.Final.jar",
          "sha1": "d469d84265ab70095b01b40886cabdd433b6e664",
          "size": 43897,
          "url": "https://libraries.minecraft.net/io/netty/netty-transport-native-unix-common/4.1.97.Final/netty-transport-native-unix-common-4.1.97.Final.jar"
        }
      }
    },
    {
      "name": "io.netty:netty-transport:4.1.97.Final",
      "downloads": {
        "artifact": {
          "path": "io/netty/netty-transport/4.1.97.Final/netty-transport-4.1.97.Final.jar",
          "sha1": "f37380d23c9bb079bc702910833b2fd532c9abd0",
          "size": 489624,
          "url": "https://libraries.minecraft.net/io/netty/netty-transport/4.1.97.Final/netty-transport-4.1.97.Final.jar"
        }
      }
    },
    {
      "name": "it.unimi.dsi:fastutil:8.5.12",
      "downloads": {
        "artifact": {
          "path": "it/unimi/dsi/fastutil/8.5.12/fastutil-8.5.12.jar",
          "sha1": "c24946d46824bd528054bface3231d2ecb7e95e8",
          "size": 23326598,
          "url": "https://libraries.minecraft.net/it/unimi/dsi/fastutil/8.5.12/fastutil-8.5.12.jar"
        }
      }
    },
    {
      "name": "net.java.dev.jna:jna-platform:5.13.0",
      "downloads": {
        "artifact": {
          "path": "net/java/dev/jna/jna-platform/5.13.0/jna-platform-5.13.0.jar",
          "sha1": "88e9a306715e9379f3122415ef4ae759a352640d",
          "size": 1363209,
          "url": "https://libraries.minecraft.net/net/java/dev/jna/jna-platform/5.13.0/jna-platform-5.13.0.jar"
        }
      }
    },
    {
      "name": "net.java.dev.jna:jna:5.13.0",
      "downloads": {
        "artifact": {
          "path": "net/java/dev/jna/jna/5.13.0/jna-5.13.0.jar",
          "sha1": "1200e7ebeedbe0d10062093f32925a912020e747",
          "size": 1879325,
          "url": "https://libraries.minecraft.net/net/java/dev/jna/jna/5.13.0/jna-5.13.0.jar"
        }
      }
    },
    {
      "name": "net.sf.jopt-simple:jopt-simple:5.0.4",
      "downloads": {
        "artifact": {
          "path": "net/sf/jopt-simple/jopt-simple/5.0.4/jopt-simple-5.0.4.jar",
          "sha1": "4fdac2fbe92dfad86aa6e9301736f6b4342a3f5c",
          "size": 78146,
          "url": "https://libraries.minecraft.net/net/sf/jopt-simple/jopt-simple/5.0.4/jopt-simple-5.0.4.jar"
        }
      }
    },
    {
      "name": "org.apache.commons:commons-compress:1.22",
      "downloads": {
        "artifact": {
          "path": "org/apache/commons/commons-compress/1.22/commons-compress-1.22.jar",
          "sha1": "691a8b4e6cf4248c3bc72c8b719337d5cb7359fa",
          "size": 1039712,
          "url": "https://libraries.minecraft.net/org/apache/commons/commons-compress/1.22/commons-compress-1.22.jar"
        }
      }
    },
    {
      "name": "org.apache.commons:commons-lang3:3.13.0",
      "downloads": {
        "artifact": {
          "path": "org/apache/commons/commons-lang3/3.13.0/commons-lang3-3.13.0.jar",
          "sha1": "b7263237aa89c1f99b327197c41d0669707a462e",
          "size": 632267,
          "url": "https://libraries.minecraft.net/org/apache/commons/commons-lang3/3.13.0/commons-lang3-3.13.0.jar"
        }
      }
    },
    {
      "name": "org.apache.httpcomponents:httpclient:4.5.13",
      "downloads": {
        "artifact": {
          "path": "org/apache/httpcomponents/httpclient/4.5.13/httpclient-4.5.13.jar",
          "sha1": "e5f6cae5ca7ecaac1ec2827a9e2d65ae2869cada",
          "size": 780321,
          "url": "https://libraries.minecraft.net/org/apache/httpcomponents/httpclient/4.5.13/httpclient-4.5.13.jar"
        }
      }
    },
    {
      "name": "org.apache.httpcomponents:httpcore:4.4.16",
      "downloads": {
        "artifact": {
          "path": "org/apache/httpcomponents/httpcore/4.4.16/httpcore-4.4.16.jar",
          "sha1": "51cf043c87253c9f58b539c9f7e44c8894223850",
          "size": 327891,
          "url": "https://libraries.minecraft.net/org/apache/httpcomponents/httpcore/4.4.16/httpcore-4.4.16.jar"
        }
      }
    },
    {
      "name": "org.apache.logging.log4j:log4j-api:2.19.0",
      "downloads": {
        "artifact": {
          "path": "org/apache/logging/log4j/log4j-api/2.19.0/log4j-api-2.19.0.jar",
          "sha1": "ea1b37f38c327596b216542bc636cfdc0b8036fa",
          "size": 317566,
          "url": "https://libraries.minecraft.net/org/apache/logging/log4j/log4j-api/2.19.0/log4j-api-2.19.0.jar"
        }
      }
    },
    {
      "name": "org.apache.logging.log4j:log4j-core:2.19.0",
      "downloads": {
        "artifact": {
          "path": "org/apache/logging/log4j/log4j-core/2.19.0/log4j-core-2.19.0.jar",
          "sha1": "3b6eeb4de4c49c0fe38a4ee27188ff5fee44d0bb",
          "size": 1864386,
          "url": "https://libraries.minecraft.net/org/apache/logging/log4j/log4j-core/2.19.0/log4j-core-2.19.0.jar"
        }
      }
    },
    {
      "name": "org.apache.logging.log4j:log4j-slf4j2-impl:2.19.0",
      "downloads": {
        "artifact": {
          "path": "org/apache/logging/log4j/log4j-slf4j2-impl/2.19.0/log4j-slf4j2-impl-2.19.0.jar",
          "sha1": "5c04bfdd63ce9dceb2e284b81e96b6a70010ee10",
          "size": 27721,
          "url": "https://libraries.minecraft.net/org/apache/logging/log4j/log4j-slf4j2-impl/2.19.0/log4j-slf4j2-impl-2.19.0.jar"
        }
      }
    },
    {
      "name": "org.joml:joml:1.10.5",
      "downloads": {
        "artifact": {
          "path": "org/joml/joml/1.10.5/joml-1.10.5.jar",
          "sha1": "22566d58af70ad3d72308bab63b8339906deb649",
          "size": 712082,
          "url": "https://libraries.minecraft.net/org/joml/joml/1.10.5/joml-1.10.5.jar"
        }
      }
    },
    {
      "name": "org.lwjgl:lwjgl-glfw:3.3.2",
      "downloads": {
        "artifact": {
          "path": "org/lwjgl/lwjgl-glfw/3.3.2/lwjgl-glfw-3.3.2.jar",
          "sha1": "757920418805fb90bfebb3d46b1d9e7669fca2eb",
          "size": 135828,
          "url": "https://libraries.minecraft.net/org/lwjgl/lwjgl-glfw/3.3.2/lwjgl-glfw-3.3.2.jar"
        }
      }
    },
    {
      "name": "org.lwjgl:lwjgl-glfw:3.3.2:natives-linux",
      "downloads": {
        "artifact": {
          "path": "org/lwjgl/lwjgl-glfw/3.3.2/lwjgl-glfw-3.3.2-natives-linux.jar",
          "sha1": "0766bb0e8e829598b1c8052fd8173c62af741c52",
          "size": 115553,
          "url": "https://libraries.minecraft.net/org/lwjgl/lwjgl-glfw/3.3.2/lwjgl-glfw-3.3.2-natives-linux.jar"
        }
      },
      "rules": [
        {
          "action": "allow",
          "os": {
            "name": "linux"
          }
        }
      ]
    },
    {
      "name": "org.lwjgl:lwjgl-glfw:3.3.2:natives-macos",
      "downloads": {
        "artifact": {
          "path": "org/lwjgl/lwjgl-glfw/3.3.2/lwjgl-glfw-3.3.2-natives-macos.jar",
          "sha1": "8223ba1b757c43624f03b09ab9d9228c7f6db001",
          "size": 140627,
          "url": "https://libraries.minecraft.net/org/lwjgl/lwjgl-glfw/3.3.2/lwjgl-glfw-3.3.2-natives-macos.jar"
        }
      },
      "rules": [
        {
          "action": "allow",
          "os": {
            "name": "osx"
          }
        }
      ]
    },
    {
      "name": "org.lwjgl:lwjgl-glfw:3.3.2:natives-macos-arm64",
      "downloads": {
        "artifact": {
          "path": "org/lwjgl/lwjgl-glfw/3.3.2/lwjgl-glfw-3.3.2-natives-macos-arm64.jar",
          "sha1": "7e35644de1bf324ca9b7d52acd6e0b8d9a6da4ad",
          "size": 137535,
          "url": "https://libraries.minecraft.net/org/lwjgl/lwjgl-glfw/3.3.2/lwjgl-glfw-3.3.2-natives-macos-arm64.jar"
        }
      },
      "rules": [
        {
          "action": "allow",
          "os": {
            "name": "osx"
          }
        }
      ]
    },
    {
      "name": "org.lwjgl:lwjgl-glfw:3.3.2:natives-windows",
      "downloads": {
        "artifact": {
          "path": "org/lwjgl/lwjgl-glfw/3.3.2/lwjgl-glfw-3.3.2-natives-windows.jar",
          "sha1": "01251e3cb7e5d6159334cfb9244f789ce992f03b",
          "size": 165947,
          "url": "https://libraries.minecraft.net/org/lwjgl/lwjgl-glfw/3.3.2/lwjgl-glfw-3.3.2-natives-windows.jar"
        }
      },
      "rules": [
        {
          "action": "allow",
          "os": {
            "name": "windows"
          }
        }
      ]
    },
    {
      "name": "org.lwjgl:lwjgl-glfw:3.3.2:natives-windows-arm64",
      "downloads": {
        "artifact": {
          "path": "org/lwjgl/lwjgl-glfw/3.3.2/lwjgl-glfw-3.3.2-natives-windows-arm64.jar",
          "sha1": "e79c4857a887bd79ba78bdf2d422a7d333028a2d",
          "size": 141892,
          "url": "https://libraries.minecraft.net/org/lwjgl/lwjgl-glfw/3.3.2/lwjgl-glfw-3.3.2-natives-windows-arm64.jar"
        }
      },
      "rules": [
        {
          "action": "allow",
          "os": {
            "name": "windows"
          }
        }
      ]
    },
    {
      "name": "org.lwjgl:lwjgl-glfw:3.3.2:natives-windows-x86",
      "downloads": {
        "artifact": {
          "path": "org/lwjgl/lwjgl-glfw/3.3.2/lwjgl-glfw-3.3.2-natives-windows-x86.jar",
          "sha1": "17e1f9ec031ef72c2f7825c38eeb3a79c4d8bb17",
          "size": 156550,
          "url": "https://libraries.minecraft.net/org/lwjgl/lwjgl-glfw/3.3.2/lwjgl-glfw-3.3.2-natives-windows-x86.jar"
        }
      },
      "rules": [
        {
          "action": "allow",
          "os": {
            "name": "windows"
          }
        }
      ]
    },
    {
      "name": "org.lwjgl:lwjgl-jemalloc:3.3.2",
      "downloads": {
        "artifact": {
          "path": "org/lwjgl/lwjgl-jemalloc/3.3.2/lwjgl-jemalloc-3.3.2.jar",
          "sha1": "877e17e39ebcd58a9c956dc3b5b777813de0873a",
          "size": 43233,
          "url": "https://libraries.minecraft.net/org/lwjgl/lwjgl-jemalloc/3.3.2/lwjgl-jemalloc-3.3.2.jar"
        }
      }
    },
    {
      "name": "org.lwjgl:lwjgl-jemalloc:3.3.2:natives-linux",
      "downloads": {
        "artifact": {
          "path": "org/lwjgl/lwjgl-jemalloc/3.3.2/lwjgl-jemalloc-3.3.2-natives-linux.jar",
          "sha1": "2bc33176cdfabf34a63df154b80914e8f433316b",
          "size": 204677,
          "url": "https://libraries.minecraft.net/org/lwjgl/lwjgl-jemalloc/3.3.2/lwjgl-jemalloc-3.3.2-natives-linux.jar"
        }
      },
      "rules": [
        {
          "action": "allow",
          "os": {
            "name": "linux"
          }
        }
      ]
    },
    {
      "name": "org.lwjgl:lwjgl-jemalloc:3.3.2:natives-macos",
      "downloads": {
        "artifact": {
          "path": "org/lwjgl/lwjgl-jemalloc/3.3.2/lwjgl-jemalloc-3.3.2-natives-macos.jar",
          "sha1": "959ea96ea27cd1ee45943123140fdb55c49e961f",
          "size": 153695,
          "url": "https://libraries.minecraft.net/org/lwjgl/lwjgl-jemalloc/3.3.2/lwjgl-jemalloc-3.3.2-natives-macos.jar"
        }
      },
      "rules": [
        {
          "action": "allow",
          "os": {
            "name": "osx"
          }
        }
      ]
    },
    {
      "name": "org.lwjgl:lwjgl-jemalloc:3.3.2:natives-macos-arm64",
      "downloads": {
        "artifact": {
          "path": "org/lwjgl/lwjgl-jemalloc/3.3.2/lwjgl-jemalloc-3.3.2-natives-macos-arm64.jar",
          "sha1": "fe75e1cad7ac1f7af4a071c4b83e39d11b65a1cc",
          "size": 142101,
          "url": "https://libraries.minecraft.net/org/lwjgl/lwjgl-jemalloc/3.3.2/lwjgl-jemalloc-3.3.2-natives-macos-arm64.jar"
        }
      },
      "rules": [
        {
          "action": "allow",
          "os": {
            "name": "osx"
          }
        }
      ]
    },
    {
      "name": "org.lwjgl:lwjgl-jemalloc:3.3.2:natives-windows",
      "downloads": {
        "artifact": {
          "path": "org/lwjgl/lwjgl-jemalloc/3.3.2/lwjgl-jemalloc-3.3.2-natives-windows.jar",
          "sha1": "db886c1f9e313c3fa2a25543b99ccd250d3f9fb5",
          "size": 180026,
          "url": "https://libraries.minecraft.net/org/lwjgl/lwjgl-jemalloc/3.3.2/lwjgl-jemalloc-3.3.2-natives-windows.jar"
        }
      },
      "rules": [
        {
          "action": "allow",
          "os": {
            "name": "windows"
          }
        }
      ]
    },
    {
      "name": "org.lwjgl:lwjgl-jemalloc:3.3.2:natives-windows-arm64",
      "downloads": {
        "artifact": {
          "path": "org/lwjgl/lwjgl-jemalloc/3.3.2/lwjgl-jemalloc-3.3.2-natives-windows-arm64.jar",
          "sha1": "598790de603c286dbc4068b27829eacc37592786",
          "size": 152780,
          "url": "https://libraries.minecraft.net/org/lwjgl/lwjgl-jemalloc/3.3.2/lwjgl-jemalloc-3.3.2-natives-windows-arm64.jar"
        }
      },
      "rules": [
        {
          "action": "allow",
          "os": {
            "name": "windows"
          }
        }
      ]
    },
    {
      "name": "org.lwjgl:lwjgl-jemalloc:3.3.2:natives-windows-x86",
      "downloads": {
        "artifact": {
          "path": "org/lwjgl/lwjgl-jemalloc/3.3.2/lwjgl-jemalloc-3.3.2-natives-windows-x86.jar",
          "sha1": "9b07558f81a5d54dfaeb861bab3ccc86bb4477c9",
          "size": 148041,
          "url": "https://libraries.minecraft.net/org/lwjgl/lwjgl-jemalloc/3.3.2/lwjgl-jemalloc-3.3.2-natives-windows-x86.jar"
        }
      },
      "rules": [
        {
          "action": "allow",
          "os": {
            "name": "windows"
          }
        }
      ]
    },
    {
      "name": "org.lwjgl:lwjgl-openal:3.3.2",
      "downloads": {
        "artifact": {
          "path": "org/lwjgl/lwjgl-openal/3.3.2/lwjgl-openal-3.3.2.jar",
          "sha1": "ae5357ed6d934546d3533993ea84c0cfb75eed95",
          "size": 108230,
          "url": "https://libraries.minecraft.net/org/lwjgl/lwjgl-openal/3.3.2/lwjgl-openal-3.3.2.jar"
        }
      }
    },
    {
      "name": "org.lwjgl:lwjgl-openal:3.3.2:natives-linux",
      "downloads": {
        "artifact": {
          "path": "org/lwjgl/lwjgl-openal/3.3.2/lwjgl-openal-3.3.2-natives-linux.jar",
          "sha1": "650981780b8bbfb3ce43657b22ec8e77bfb1f37a",
          "size": 579919,
          "url": "https://libraries.minecraft.net/org/lwjgl/lwjgl-openal/3.3.2/lwjgl-openal-3.3.2-natives-linux.jar"
        }
      },
      "rules": [
        {
          "action": "allow",
          "os": {
            "name": "linux"
          }
        }
      ]
    },
    {
      "name": "org.lwjgl:lwjgl-openal:3.3.2:natives-macos",
      "downloads": {
        "artifact": {
          "path": "org/lwjgl/lwjgl-openal/3.3.2/lwjgl-openal-3.3.2-natives-macos.jar",
          "sha1": "56fa16d15039142634e3a6d97d638b56679be821",
          "size": 515159,
          "url": "https://libraries.minecraft.net/org/lwjgl/lwjgl-openal/3.3.2/lwjgl-openal-3.3.2-natives-macos.jar"
        }
      },
      "rules": [
        {
          "action": "allow",
          "os": {
            "name": "osx"
          }
        }
      ]
    },
    {
      "name": "org.lwjgl:lwjgl-openal:3.3.2:natives-macos-arm64",
      "downloads": {
        "artifact": {
          "path": "org/lwjgl/lwjgl-openal/3.3.2/lwjgl-openal-3.3.2-natives-macos-arm64.jar",
          "sha1": "7b43d16069bdabc9ca0923ec8756a51c5d61cb75",
          "size": 467151,
          "url": "https://libraries.minecraft.net/org/lwjgl/lwjgl-openal/3.3.2/lwjgl-openal-3.3.2-natives-macos-arm64.jar"
        }
      },
      "rules": [
        {
          "action": "allow",
          "os": {
            "name": "osx"
          }
        }
      ]
    },
    {
      "name": "org.lwjgl:lwjgl-openal:3.3.2:natives-windows",
      "downloads": {
        "artifact": {
          "path": "org/lwjgl/lwjgl-openal/3.3.2/lwjgl-openal-3.3.2-natives-windows.jar",
          "sha1": "e74f299a602192faaf14b917632e4cbbb493c940",
          "size": 694908,
          "url": "https://libraries.minecraft.net/org/lwjgl/lwjgl-openal/3.3.2/lwjgl-openal-3.3.2-natives-windows.jar"
        }
      },
      "rules": [
        {
          "action": "allow",
          "os": {
            "name": "windows"
          }
        }
      ]
    },
    {
      "name": "org.lwjgl:lwjgl-openal:3.3.2:natives-windows-arm64",
      "downloads": {
        "artifact": {
          "path": "org/lwjgl/lwjgl-openal/3.3.2/lwjgl-openal-3.3.2-natives-windows-arm64.jar",
          "sha1": "545ddec7959007a78b6662d616e00dacf00e1c29",
          "size": 627059,
          "url": "https://libraries.minecraft.net/org/lwjgl/lwjgl-openal/3.3.2/lwjgl-openal-3.3.2-natives-windows-arm64.jar"
        }
      },
      "rules": [
        {
          "action": "allow",
          "os": {
            "name": "windows"
          }
        }
      ]
    },
    {
      "name": "org.lwjgl:lwjgl-openal:3.3.2:natives-windows-x86",
      "downloads": {
        "artifact": {
          "path": "org/lwjgl/lwjgl-openal/3.3.2/lwjgl-openal-3.3.2-natives-windows-x86.jar",
          "sha1": "21fcb44d32ccf101017ec939fc740197677557d5",
          "size": 636273,
          "url": "https://libraries.minecraft.net/org/lwjgl/lwjgl-openal/3.3.2/lwjgl-openal-3.3.2-natives-windows-x86.jar"
        }
      },
      "rules": [
        {
          "action": "allow",
          "os": {
            "name": "windows"
          }
        }
      ]
    },
    {
      "name": "org.lwjgl:lwjgl-opengl:3.3.2",
      "downloads": {
        "artifact": {
          "path": "org/lwjgl/lwjgl-opengl/3.3.2/lwjgl-opengl-3.3.2.jar",
          "sha1": "ee8e95be0b438602038bc1f02dc5e3d011b1b216",
          "size": 928871,
          "url": "https://libraries.minecraft.net/org/lwjgl/lwjgl-opengl/3.3.2/lwjgl-opengl-3.3.2.jar"
        }
      }
    },
    {
      "name": "org.lwjgl:lwjgl-opengl:3.3.2:natives-linux",
      "downloads": {
        "artifact": {
          "path": "org/lwjgl/lwjgl-opengl/3.3.2/lwjgl-opengl-3.3.2-natives-linux.jar",
          "sha1": "b8368430ef0d91a5acbc6fbfa47b20c3ec083aec",
          "size": 80464,
          "url": "https://libraries.minecraft.net/org/lwjgl/lwjgl-opengl/3.3.2/lwjgl-opengl-3.3.2-natives-linux.jar"
        }
      },
      "rules": [
        {
          "action": "allow",
          "os": {
            "name": "linux"
          }
        }
      ]
    },
    {
      "name": "org.lwjgl:lwjgl-opengl:3.3.2:natives-macos",
      "downloads": {
        "artifact": {
          "path": "org/lwjgl/lwjgl-opengl/3.3.2/lwjgl-opengl-3.3.2-natives-macos.jar",
          "sha1": "05141389ca737369f317b1288a570534c40db9cf",
          "size": 41485,
          "url": "https://libraries.minecraft.net/org/lwjgl/lwjgl-opengl/3.3.2/lwjgl-opengl-3.3.2-natives-macos.jar"
        }
      },
      "rules": [
        {
          "action": "allow",
          "os": {
            "name": "osx"
          }
        }
      ]
    },
    {
      "name": "org.lwjgl:lwjgl-opengl:3.3.2:natives-macos-arm64",
      "downloads": {
        "artifact": {
          "path": "org/lwjgl/lwjgl-opengl/3.3.2/lwjgl-opengl-3.3.2-natives-macos-arm64.jar",
          "sha1": "baadfd67936dcd7e0334dd3a9cf8dd13a0bcb009",
          "size": 42490,
          "url": "https://libraries.minecraft.net/org/lwjgl/lwjgl-opengl/3.3.2/lwjgl-opengl-3.3.2-natives-macos-arm64.jar"
        }
      },
      "rules": [
        {
          "action": "allow",
          "os": {
            "name": "osx"
          }
        }
      ]
    },
    {
      "name": "org.lwjgl:lwjgl-opengl:3.3.2:natives-windows",
      "downloads": {
        "artifact": {
          "path": "org/lwjgl/lwjgl-opengl/3.3.2/lwjgl-opengl-3.3.2-natives-windows.jar",
          "sha1": "83cd34469d4e0bc335bf74c7f62206530a9480bf",
          "size": 101530,
          "url": "https://libraries.minecraft.net/org/lwjgl/lwjgl-opengl/3.3.2/lwjgl-opengl-3.3.2-natives-windows.jar"
        }
      },
      "rules": [
        {
          "action": "allow",
          "os": {
            "name": "windows"
          }
        }
      ]
    },
    {
      "name": "org.lwjgl:lwjgl-opengl:3.3.2:natives-windows-arm64",
      "downloads": {
        "artifact": {
          "path": "org/lwjgl/lwjgl-opengl/3.3.2/lwjgl-opengl-3.3.2-natives-windows-arm64.jar",
          "sha1": "21df035bf03dbf5001f92291b24dc951da513481",
          "size": 83132,
          "url": "https://libraries.minecraft.net/org/lwjgl/lwjgl-opengl/3.3.2/lwjgl-opengl-3.3.2-natives-windows-arm64.jar"
        }
      },
      "rules": [
        {
          "action": "allow",
          "os": {
            "name": "windows"
          }
        }
      ]
    },
    {
      "name": "org.lwjgl:lwjgl-opengl:3.3.2:natives-windows-x86",
      "downloads": {
        "artifact": {
          "path": "org/lwjgl/lwjgl-opengl/3.3.2/lwjgl-opengl-3.3.2-natives-windows-x86.jar",
          "sha1": "22fa4149159154b24f6c1bd46a342d4958a9fba1",
          "size": 88610,
          "url": "https://libraries.minecraft.net/org/lwjgl/lwjgl-opengl/3.3.2/lwjgl-opengl-3.3.2-natives-windows-x86.jar"
        }
      },
      "rules": [
        {
          "action": "allow",
          "os": {
            "name": "windows"
          }
        }
      ]
    },
    {
      "name": "org.lwjgl:lwjgl-stb:3.3.2",
      "downloads": {
        "artifact": {
          "path": "org/lwjgl/lwjgl-stb/3.3.2/lwjgl-stb-3.3.2.jar",
          "sha1": "a2550795014d622b686e9caac50b14baa87d2c70",
          "size": 118874,
          "url": "https://libraries.minecraft.net/org/lwjgl/lwjgl-stb/3.3.2/lwjgl-stb-3.3.2.jar"
        }
      }
    },
    {
      "name": "org.lwjgl:lwjgl-stb:3.3.2:natives-linux",
      "downloads": {
        "artifact": {
          "path": "org/lwjgl/lwjgl-stb/3.3.2/lwjgl-stb-3.3.2-natives-linux.jar",
          "sha1": "5c987f43b342d722b54970159040af76f1c87403",
          "size": 231821,
          "url": "https://libraries.minecraft.net/org/lwjgl/lwjgl-stb/3.3.2/lwjgl-stb-3.3.2-natives-linux.jar"
        }
      },
      "rules": [
        {
          "action": "allow",
          "os": {
            "name": "linux"
          }
        }
      ]
    },
    {
      "name": "org.lwjgl:lwjgl-stb:3.3.2:natives-macos",
      "downloads": {
        "artifact": {
          "path": "org/lwjgl/lwjgl-stb/3.3.2/lwjgl-stb-3.3.2-natives-macos.jar",
          "sha1": "61614cb49cee0b95587893a36bd72f63ab815c82",
          "size": 216457,
          "url": "https://libraries.minecraft.net/org/lwjgl/lwjgl-stb/3.3.2/lwjgl-stb-3.3.2-natives-macos.jar"
        }
      },
      "rules": [
        {
          "action": "allow",
          "os": {
            "name": "osx"
          }
        }
      ]
    },
    {
      "name": "org.lwjgl:lwjgl-stb:3.3.2:natives-macos-arm64",
      "downloads": {
        "artifact": {
          "path": "org/lwjgl/lwjgl-stb/3.3.2/lwjgl-stb-3.3.2-natives-macos-arm64.jar",
          "sha1": "db49f0f76e8377520b625c688cd45aacb3dcdc9b",
          "size": 183630,
          "url": "https://libraries.minecraft.net/org/lwjgl/lwjgl-stb/3.3.2/lwjgl-stb-3.3.2-natives-macos-arm64.jar"
        }
      },
      "rules": [
        {
          "action": "allow",
          "os": {
            "name": "osx"
          }
        }
      ]
    },
    {
      "name": "org.lwjgl:lwjgl-stb:3.3.2:natives-windows",
      "downloads": {
        "artifact": {
          "path": "org/lwjgl/lwjgl-stb/3.3.2/lwjgl-stb-3.3.2-natives-windows.jar",
          "sha1": "1c4f4b8353bdb78c5264ab921436f03fc9aa1ba5",
          "size": 261137,
          "url": "https://libraries.minecraft.net/org/lwjgl/lwjgl-stb/3.3.2/lwjgl-stb-3.3.2-natives-windows.jar"
        }
      },
      "rules": [
        {
          "action": "allow",
          "os": {
            "name": "windows"
          }
        }
      ]
    },
    {
      "name": "org.lwjgl:lwjgl-stb:3.3.2:natives-windows-arm64",
      "downloads": {
        "artifact": {
          "path": "org/lwjgl/lwjgl-stb/3.3.2/lwjgl-stb-3.3.2-natives-windows-arm64.jar",
          "sha1": "c29df97c3cca97dc00d34e171936153764c9f78b",
          "size": 218460,
          "url": "https://libraries.minecraft.net/org/lwjgl/lwjgl-stb/3.3.2/lwjgl-stb-3.3.2-natives-windows-arm64.jar"
        }
      },
      "rules": [
        {
          "action": "allow",
          "os": {
            "name": "windows"
          }
        }
      ]
    },
    {
      "name": "org.lwjgl:lwjgl-stb:3.3.2:natives-windows-x86",
      "downloads": {
        "artifact": {
          "path": "org/lwjgl/lwjgl-stb/3.3.2/lwjgl-stb-3.3.2-natives-windows-x86.jar",
          "sha1": "a0de7bde6722fa68d25ba6afbd7395508c53c730",
          "size": 227583,
          "url": "https://libraries.minecraft.net/org/lwjgl/lwjgl-stb/3.3.2/lwjgl-stb-3.3.2-natives-windows-x86.jar"
        }
      },
      "rules": [
        {
          "action": "allow",
          "os": {
            "name": "windows"
          }
        }
      ]
    },
    {
      "name": "org.lwjgl:lwjgl-tinyfd:3.3.2",
      "downloads": {
        "artifact": {
          "path": "org/lwjgl/lwjgl-tinyfd/3.3.2/lwjgl-tinyfd-3.3.2.jar",
          "sha1": "9f65c248dd77934105274fcf8351abb75b34327c",
          "size": 13404,
          "url": "https://libraries.minecraft.net/org/lwjgl/lwjgl-tinyfd/3.3.2/lwjgl-tinyfd-3.3.2.jar"
        }
      }
    },
    {
      "name": "org.lwjgl:lwjgl-tinyfd:3.3.2:natives-linux",
      "downloads": {
        "artifact": {
          "path": "org/lwjgl/lwjgl-tinyfd/3.3.2/lwjgl-tinyfd-3.3.2-natives-linux.jar",
          "sha1": "05d27fc67172b3fcd8400d61a7cfb75da881f609",
          "size": 43961,
          "url": "https://libraries.minecraft.net/org/lwjgl/lwjgl-tinyfd/3.3.2/lwjgl-tinyfd-3.3.2-natives-linux.jar"
        }
      },
      "rules": [
        {
          "action": "allow",
          "os": {
            "name": "linux"
          }
        }
      ]
    },
    {
      "name": "org.lwjgl:lwjgl-tinyfd:3.3.2:natives-macos",
      "downloads": {
        "artifact": {
          "path": "org/lwjgl/lwjgl-tinyfd/3.3.2/lwjgl-tinyfd-3.3.2-natives-macos.jar",
          "sha1": "ce88dcda2fffe5d912de8ea1dabd68490a8f8471",
          "size": 45096,
          "url": "https://libraries.minecraft.net/org/lwjgl/lwjgl-tinyfd/3.3.2/lwjgl-tinyfd-3.3.2-natives-macos.jar"
        }
      },
      "rules": [
        {
          "action": "allow",
          "os": {
            "name": "osx"
          }
        }
      ]
    },
    {
      "name": "org.lwjgl:lwjgl-tinyfd:3.3.2:natives-macos-arm64",
      "downloads": {
        "artifact": {
          "path": "org/lwjgl/lwjgl-tinyfd/3.3.2/lwjgl-tinyfd-3.3.2-natives-macos-arm64.jar",
          "sha1": "0b4aa34d244c75bcbb78d6cdb0b41200348da330",
          "size": 41812,
          "url": "https://libraries.minecraft.net/org/lwjgl/lwjgl-tinyfd/3.3.2/lwjgl-tinyfd-3.3.2-natives-macos-arm64.jar"
        }
      },
      "rules": [
        {
          "action": "allow",
          "os": {
            "name": "osx"
          }
        }
      ]
    },
    {
      "name": "org.lwjgl:lwjgl-tinyfd:3.3.2:natives-windows",
      "downloads": {
        "artifact": {
          "path": "org/lwjgl/lwjgl-tinyfd/3.3.2/lwjgl-tinyfd-3.3.2-natives-windows.jar",
          "sha1": "54a93ed247d20007a6f579355263fdc2c030753a",
          "size": 130126,
          "url": "https://libraries.minecraft.net/org/lwjgl/lwjgl-tinyfd/3.3.2/lwjgl-tinyfd-3.3.2-natives-windows.jar"
        }
      },
      "rules": [
        {
          "action": "allow",
          "os": {
            "name": "windows"
          }
        }
      ]
    },
    {
      "name": "org.lwjgl:lwjgl-tinyfd:3.3.2:natives-windows-arm64",
      "downloads": {
        "artifact": {
          "path": "org/lwjgl/lwjgl-tinyfd/3.3.2/lwjgl-tinyfd-3.3.2-natives-windows-arm64.jar",
          "sha1": "500f5daa3b731ca282d4b90aeafda94c528d3e27",
          "size": 110758,
          "url": "https://libraries.minecraft.net/org/lwjgl/lwjgl-tinyfd/3.3.2/lwjgl-tinyfd-3.3.2-natives-windows-arm64.jar"
        }
      },
      "rules": [
        {
          "action": "allow",
          "os": {
            "name": "windows"
          }
        }
      ]
    },
    {
      "name": "org.lwjgl:lwjgl-tinyfd:3.3.2:natives-windows-x86",
      "downloads": {
        "artifact": {
          "path": "org/lwjgl/lwjgl-tinyfd/3.3.2/lwjgl-tinyfd-3.3.2-natives-windows-x86.jar",
          "sha1": "0c1dfa1c438e0262453e7bf625289540e5cbffb2",
          "size": 111596,
          "url": "https://libraries.minecraft.net/org/lwjgl/lwjgl-tinyfd/3.3.2/lwjgl-tinyfd-3.3.2-natives-windows-x86.jar"
        }
      },
      "rules": [
        {
          "action": "allow",
          "os": {
            "name": "windows"
          }
        }
      ]
    },
    {
      "name": "org.lwjgl:lwjgl:3.3.2",
      "downloads": {
        "artifact": {
          "path": "org/lwjgl/lwjgl/3.3.2/lwjgl-3.3.2.jar",
          "sha1": "4421d94af68e35dcaa31737a6fc59136a1e61b94",
          "size": 786196,
          "url": "https://libraries.minecraft.net/org/lwjgl/lwjgl/3.3.2/lwjgl-3.3.2.jar"
        }
      }
    },
    {
      "name": "org.lwjgl:lwjgl:3.3.2:natives-linux",
      "downloads": {
        "artifact": {
          "path": "org/lwjgl/lwjgl/3.3.2/lwjgl-3.3.2-natives-linux.jar",
          "sha1": "767684973f259d97e7dc66a125eb153986f177e7",
          "size": 114144,
          "url": "https://libraries.minecraft.net/org/lwjgl/lwjgl/3.3.2/lwjgl-3.3.2-natives-linux.jar"
        }
      },
      "rules": [
        {
          "action": "allow",
          "os": {
            "name": "linux"
          }
        }
      ]
    },
    {
      "name": "org.lwjgl:lwjgl:3.3.2:natives-macos",
      "downloads": {
        "artifact": {
          "path": "org/lwjgl/lwjgl/3.3.2/lwjgl-3.3.2-natives-macos.jar",
          "sha1": "3256dce7fa36d6b572afa5e5730f532cf987f3bf",
          "size": 60240,
          "url": "https://libraries.minecraft.net/org/lwjgl/lwjgl/3.3.2/lwjgl-3.3.2-natives-macos.jar"
        }
      },
      "rules": [
        {
          "action": "allow",
          "os": {
            "name": "osx"
          }
        }
      ]
    },
    {
      "name": "org.lwjgl:lwjgl:3.3.2:natives-macos-arm64",
      "downloads": {
        "artifact": {
          "path": "org/lwjgl/lwjgl/3.3.2/lwjgl-3.3.2-natives-macos-arm64.jar",
          "sha1": "319eea74a8829ce92fd54ce7c684b6b6557c05bb",
          "size": 48270,
          "url": "https://libraries.minecraft.net/org/lwjgl/lwjgl/3.3.2/lwjgl-3.3.2-natives-macos-arm64.jar"
        }
      },
      "rules": [
        {
          "action": "allow",
          "os": {
            "name": "osx"
          }
        }
      ]
    },
    {
      "name": "org.lwjgl:lwjgl:3.3.2:natives-windows",
      "downloads": {
        "artifact": {
          "path": "org/lwjgl/lwjgl/3.3.2/lwjgl-3.3.2-natives-windows.jar",
          "sha1": "a55169ced70ffcd15f2162daf4a9c968578f6cd5",
          "size": 164993,
          "url": "https://libraries.minecraft.net/org/lwjgl/lwjgl/3.3.2/lwjgl-3.3.2-natives-windows.jar"
        }
      },
      "rules": [
        {
          "action": "allow",
          "os": {
            "name": "windows"
          }
        }
      ]
    },
    {
      "name": "org.lwjgl:lwjgl:3.3.2:natives-windows-arm64",
      "downloads": {
        "artifact": {
          "path": "org/lwjgl/lwjgl/3.3.2/lwjgl-3.3.2-natives-windows-arm64.jar",
          "sha1": "d900e4678449ba97ff46fa64b22e0376bf8cd00e",
          "size": 133200,
          "url": "https://libraries.minecraft.net/org/lwjgl/lwjgl/3.3.2/lwjgl-3.3.2-natives-windows-arm64.jar"
        }
      },
      "rules": [
        {
          "action": "allow",
          "os": {
            "name": "windows"
          }
        }
      ]
    },
    {
      "name": "org.lwjgl:lwjgl:3.3.2:natives-windows-x86",
      "downloads": {
        "artifact": {
          "path": "org/lwjgl/lwjgl/3.3.2/lwjgl-3.3.2-natives-windows-x86.jar",
          "sha1": "ed495259b2c8f068794da0ffedfa7ae7c130b3c5",
          "size": 139365,
          "url": "https://libraries.minecraft.net/org/lwjgl/lwjgl/3.3.2/lwjgl-3.3.2-natives-windows-x86.jar"
        }
      },
      "rules": [
        {
          "action": "allow",
          "os": {
            "name": "windows"
          }
        }
      ]
    },
    {
      "name": "org.slf4j:slf4j-api:2.0.7",
      "downloads": {
        "artifact": {
          "path": "org/slf4j/slf4j-api/2.0.7/slf4j-api-2.0.7.jar",
          "sha1": "41eb7184ea9d556f23e18b5cb99cad1f8581fc00",
          "size": 63635,
          "url": "https://libraries.minecraft.net/org/slf4j/slf4j-api/2.0.7/slf4j-api-2.0.7.jar"
        }
      }
    }
  ],
  "mainClass": "net.fabricmc.loader.impl.launch.knot.KnotClient"
}